1,2,3,4,5,6,7,8,9,10,11,12,13,14,15,16,17,18,19,20,21,22,23,24,25,26,27,28,29,30,31,32,33,34,35,36,37,38,39,40,41,42,43,44,45,46,47,48,49,50,51,52,53,54,55,label
12.24783061,24.01437421,23.55342054,15.50820205,18.59881358,23.5016051,23.85899496,11.70584291,19.52185115,20.28759003,27.56624631,6.972095812,35.15384926,38.25699078,11.02386613,6.102854989,31.02257438,40.39390037,10.675404,158.1395672,162.366084,166.2439848,165.9276156,167.8358699,168.5183008,118.755431,120.9082513,125.9139149,161.0952763,173.0930919,178.2644402,152.4563997,155.1823077,165.3807878,93.28302741,96.27187533,99.9630547,20.6409315,19.56137185,-15.00974104,-15.06802979,51.03501448,27.7635615,-46.16055773,-22.76657252,-10.24023713,-6.777597762,-2.634591347,2.019872537,0.0429064801,0.06827268465,0.07477370305,0.3659461354,-0.01705557165,0.06570155692,3
10.902192,25.30928418,24.78727465,12.45238266,11.69119123,24.77579295,23.00482481,13.46151224,19.93249339,21.18986417,28.8431912,7.067642796,34.91136238,35.38682478,10.48114614,6.323387843,33.88436724,35.40549241,10.18569551,153.5428361,160.2316865,168.0440857,160.8147862,161.9791229,165.5928258,117.9419367,119.6424861,120.9836833,145.2558792,159.7521404,168.7540778,154.2216023,155.0411988,156.353139,117.9800191,118.5283014,119.7385801,20.18378053,19.7262867,-16.8445938,-17.63219229,49.77531446,25.34170938,-50.92502204,-28.32954574,-12.8111686,-8.691385814,-3.968809673,0.2608234542,0.04229097588,0.1119829084,0.01739418366,0.07420646361,-0.00845466123,0.01283413276,3
13.73329119,27.91020581,25.70935003,13.37386086,12.07976586,25.87064849,21.5966391,14.51630937,19.95156624,20.60045501,28.03745504,7.083988692,35.53935011,34.90494124,10.1110974,6.639258904,33.92669752,35.79008737,10.83502774,112.0587349,130.4431527,148.8957253,165.6627758,169.1819453,172.7167317,116.5286406,117.6648279,121.0449776,122.794039,138.9436251,148.7402602,156.2599056,157.3024878,158.4182657,111.2338899,114.5650064,116.3089616,21.53088532,19.60471191,-15.87742592,-16.90651734,54.57273395,29.36592045,-51.01109612,-30.03716851,-12.07678122,-7.55777359,-6.918029263,-1.877637432,0.1230556427,0.07319665555,0.04104806887,0.06048768531,-0.1522571242,0.07841891508,3
15.82787788,23.54014404,23.52460851,18.33911025,8.258845152,25.33896823,23.00563291,18.15889708,21.68608534,21.8763306,29.8347974,8.418385639,44.43028765,38.82779098,9.249243804,8.298658716,43.07393311,40.22249612,9.550252488,149.2865249,159.1649212,167.1607427,169.992832,171.82436,172.5593506,168.8533374,169.0961051,169.3789482,59.43270162,130.4922264,168.8638152,171.9396559,172.929147,174.2739703,169.7128867,170.0922028,170.4069858,62.22480033,39.29483787,-65.84260186,-43.03062447,12.21994126,7.961486777,4.355828961,3.420663476,14.47721608,11.42798932,-6.491272926,-3.773427327,0.06810364936,0.18399502,0.03917725392,0.2384903017,0.0655095961,0.03990221726,5
17.10017574,24.80893559,21.75721719,19.01972385,16.81336911,25.27244553,21.76629929,17.63366007,22.07635256,21.80193319,29.7264174,8.3468991,45.68070712,37.99511813,9.394077452,8.020604506,43.67409142,39.50722377,9.473452637,153.3515784,158.5839072,166.9039666,166.7224012,171.365377,173.1298138,169.1595359,170.4135515,172.9547497,141.220883,161.7789533,177.4561984,171.1029885,173.1755469,174.8950947,166.0565181,168.5054684,169.757261,63.86318525,42.40789903,-63.58330981,-42.07711996,10.74873606,7.333347743,8.436117389,5.428560394,7.785672852,7.330070842,5.578561263,4.632228432,0.1512996823,0.1063964642,0.1737398654,0.1586094024,0.174176127,0.04904464093,5
16.23131351,25.06675041,22.49432766,19.01060358,13.71207911,25.79819477,21.19413755,17.738135,22.17015113,21.90847838,29.85351536,9.052143269,44.87750645,37.45420743,8.747947077,8.581181507,41.94640595,39.87549279,9.775869926,153.3575635,164.3744696,172.0475043,170.9467626,171.7529004,172.9810685,173.5879625,174.1134003,174.9061083,136.9237068,162.8393891,176.3529507,171.5415844,172.0325468,172.615168,172.4832863,173.3931558,174.5182131,65.4852014,43.129182,-63.87663457,-42.76707377,8.098765629,5.648135961,5.110485518,4.295066444,7.086606168,6.749045315,8.15435986,6.458814464,0.1701785829,0.1584921269,0.01308287178,0.1770413795,-0.1250408767,0.002898074519,5
13.15330575,27.54625059,23.91721165,18.66008542,13.39485508,23.80598318,28.49972675,18.38225358,21.77924179,22.34894817,30.53478956,9.171628206,41.20357696,34.17742389,10.45512246,8.526704493,40.06519785,34.25501822,10.57870354,132.5087875,139.2742817,143.8095134,153.8718088,154.2030378,154.5917827,120.034093,120.8088418,122.2246847,124.6265764,136.2323423,143.7215674,145.326891,146.469531,147.7350374,127.9959545,131.5578863,133.9928661,30.28816995,27.0178375,-20.87058831,-26.37193727,-52.53238984,-29.47133066,54.16362056,27.21482548,0.4731251643,5.901160607,-14.41838244,-6.960230345,0.01330916002,0.0607202012,0.02922267129,0.06438803043,0.08137034076,0.08026719053,12
12.83477723,26.80947433,23.68882114,18.39729417,16.27305395,23.44954423,25.70951844,18.70814547,21.97837412,22.27377386,30.46834711,9.102714148,41.26842012,33.22773605,9.878326805,8.49586933,39.71377757,34.61916136,10.04841511,113.302711,122.0731625,140.0369526,156.5786844,157.5499456,158.4429794,120.4114406,121.1332733,121.9847122,133.0647289,137.0600293,160.7322688,140.3325949,141.7141233,143.3578946,133.7980248,136.2211974,137.0707191,28.70550983,25.47164304,-25.69912331,-29.53907998,-52.93634473,-30.10076944,48.26890944,24.2786488,-1.892012554,3.508203108,-16.84080061,-8.434466477,0.01394363078,0.05873807578,0.01335564515,0.05682684323,0.006751598487,0.01810634105,12
12.85667503,27.87286261,23.68090834,18.50799137,13.89329196,23.54228887,27.51288418,18.86248153,22.18101293,22.21629796,30.35641782,9.172408751,42.05667086,33.76316795,10.51977674,8.38082139,39.50352321,35.19588297,10.60566858,147.6477863,153.2017627,157.2555456,154.8717187,155.7817842,157.5889777,120.3836782,121.1299847,121.7645243,115.6832128,125.075761,136.4057126,146.9719938,147.9202848,148.5212662,132.0745815,132.4685273,133.1028302,27.74840127,25.62711592,-20.25772372,-25.74883369,-54.26871252,-31.38202683,53.98233578,28.05588686,-2.346423916,3.349186027,-15.09906857,-7.711279651,0.009527605006,0.04203740244,0.1126054354,0.05435151886,-0.0009940351645,0.0522902933,12
13.02887011,24.31508536,26.12272092,17.05226733,14.53025788,28.50175141,23.07503828,16.63735169,22.12596795,22.38183813,30.41880306,8.230914336,28.48632878,42.77449505,13.37577759,7.655791953,27.37600543,45.44135288,11.61778691,126.9600373,142.9831562,163.0943551,39.89783652,40.8410945,41.52164204,133.7455088,135.2414,136.2465736,127.2792373,160.6798509,174.7195707,151.067505,151.5165924,152.7076244,113.0211978,114.1259426,114.8627587,31.60700802,31.54536002,-25.73696332,-22.21354065,2.780755447,-20.99808783,-53.0366383,-31.00027569,-4.923214774,5.885513969,-1.156370191,4.711181185,0.0282688736,0.03487374306,0.01879748376,0.0512033633,0.003017281348,0.009473608599,6
13.18348797,22.9603091,26.32220394,17.62040471,14.88821755,28.80795887,23.59408397,16.76542466,22.01187168,22.66054276,30.83881105,8.648440371,31.10574055,41.1131371,13.27980119,8.203036716,28.20844322,45.22727531,9.746485328,128.3703154,132.8403788,137.5586804,37.00294874,38.04944213,38.87445209,136.9135902,137.245536,137.7862957,141.6001594,161.4646969,175.3319333,152.5671387,153.3203557,154.3537601,114.7250168,115.0577084,115.5625154,29.45865454,30.75038821,-26.16469299,-22.88648477,2.29510941,-21.48577496,-53.98729128,-31.40557598,-6.253704604,4.951845197,-2.805637612,3.147250063,0.04017682858,0.02877017845,0.02119744162,0.07063330087,0.005383502923,0.005568231016,6
13.04324175,23.75393814,26.94936327,17.55052628,15.36123572,28.41950503,23.90445731,16.96071889,22.07640761,22.23021362,30.26095323,8.395418195,31.40969115,41.15954544,12.18207119,8.118957752,28.62180522,45.02516482,9.832271915,125.0365312,130.8347612,135.2377189,36.13476401,37.07137405,37.97236756,128.7171769,132.6296408,136.0071325,149.6650706,161.1905736,173.4010964,153.8144854,155.3739617,158.5438468,108.6610423,110.7114279,111.8286983,30.16683683,30.40883548,-25.19271098,-22.18485234,2.658930333,-21.73868573,-53.53280039,-30.52106135,-5.199718475,6.202284378,-2.209590112,3.497706441,0.027283871,0.03468194627,0.02966684733,0.06394830315,0.03924657309,0.008017682502,6
14.16190755,21.71394278,21.68541717,18.09777586,13.25198588,21.36183808,21.95956013,18.2941007,21.20841623,21.48823108,29.22430661,8.328974971,39.21029156,35.08196849,10.16669154,7.929068437,38.77744371,35.27545763,10.46274907,73.94601524,106.190966,119.062337,97.99780451,101.7029107,104.2405372,151.7275116,151.9767645,152.1915059,100.3773245,105.7890865,111.1012323,104.1026528,108.7376905,111.6618404,140.8166556,141.1909219,141.4495546,28.310652,35.42385756,-26.02807349,-33.9390094,-32.79492516,-12.32506546,-35.43883349,-15.08759302,9.56337074,9.273191487,6.775045395,4.530296675,0.1322044887,0.3398295542,0.1325392921,0.1954849634,-0.03753948127,-0.007867227166,7
13.86071945,22.6860994,23.01048445,17.33108638,13.08690243,22.29691004,22.96435359,18.21046217,21.53318717,22.37024344,30.44088192,8.961771545,38.04331842,34.21450707,9.840373499,8.44378542,37.40577303,33.64153835,10.33962014,102.1266994,112.4708017,123.1356138,92.81438578,94.24978507,95.10418256,150.9937544,153.1940505,155.9508363,90.76761879,93.45892869,96.66517732,112.590569,113.3562175,114.4350749,134.9317907,135.6471584,136.0790532,26.24590738,35.06760597,-26.36242143,-33.42797821,-33.32325682,-12.23255755,-36.78831226,-15.04404385,9.118435756,11.70954934,10.2473799,8.103053541,0.04443474239,0.2603801932,0.00676988557,0.1127888786,0.01761104274,-0.001422371687,7
12.35787367,21.51243672,19.5943515,17.39445215,8.634891773,22.80409164,19.62808614,17.87821867,21.30759747,22.25093088,30.219942,9.007598181,39.06295987,33.96025816,8.12948383,8.62408429,38.1657514,34.19038533,9.2438477,90.69672411,113.0816876,124.1109589,101.634865,103.015984,104.5864504,148.1493076,148.741718,149.3016975,80.27458882,96.42810381,113.5627614,110.9570034,112.3190734,113.4070239,137.3612576,138.4774243,139.9665343,26.89786678,33.44119293,-28.48890265,-34.30734096,-31.1050863,-12.63910738,-32.69547927,-14.12476082,11.43290152,11.26561286,11.10750603,8.569516713,0.01571444683,0.1747800823,0.01578771869,0.07973563191,0.01473132042,0.008251538408,7
14.00656574,27.96749479,24.30645109,18.78328934,15.39330471,20.62490975,22.50675782,20.75464372,21.54567536,23.00185185,31.42024803,9.494765615,38.36316342,32.05526098,9.657028981,9.166379658,35.83299025,35.32470274,9.933024241,127.5473454,135.7513882,142.1472054,161.3858013,164.7510951,166.5033165,120.5399478,121.4201894,122.1355573,141.5634661,146.1986028,151.6822924,82.1098301,86.57904648,90.2674773,163.9508495,166.1115024,169.1686402,27.57561274,24.66149699,-37.20974319,-39.19419852,-56.42792641,-32.73297708,16.51464325,-5.45186553,-2.847229015,1.675780898,-15.39501463,-10.94400173,0.02630952097,0.05349818643,0.02691497526,0.05329253569,0.01040309625,0.009277201572,2
13.68151329,27.93229799,24.48052688,18.34128656,15.35516285,20.93806771,22.41472242,20.44342716,21.03987574,22.72236812,31.08043541,8.972888305,37.51207342,32.53204332,11.41544606,9.112126317,36.01892667,35.6745019,13.62164485,113.0826825,125.4861307,155.7595636,158.5411655,161.964874,165.0375952,121.9264851,123.9345041,126.8522092,140.5409042,147.4921758,156.9873084,74.09906227,79.25453066,82.29139976,163.269447,164.2849478,167.1526812,28.01846682,24.87013254,-32.39384926,-36.89329308,-56.22126187,-32.39417237,15.3535096,-6.429836477,-0.1823528703,4.433020626,-19.27665257,-16.63076619,0.02723510981,0.05568021933,0.04053551558,0.05934528787,0.02754185815,-0.009694550606,2
12.71579628,28.75178547,24.81093959,18.59989638,14.88891263,21.72155474,23.66090053,20.68020078,21.35172909,23.02541664,31.46785714,8.935283959,37.77696027,31.99041125,10.83639902,9.06549087,36.10070267,34.85155163,9.751033951,109.1730113,128.2800289,153.1259584,164.2441185,165.714758,166.9133227,119.0423105,120.3100743,121.8779642,134.1756316,141.7194336,146.3470146,86.66978625,88.14397878,88.67029636,154.5309281,154.9443996,155.6833431,28.87506837,24.70582993,-31.05488484,-35.91372062,-57.0090635,-33.00639095,18.11831152,-4.686974438,-1.144467492,3.538183132,-24.0413459,-20.03932861,0.01971076115,0.04662200769,0.05570073294,0.03850326383,0.003269544402,-0.007861861086,2
15.27628011,23.7149588,21.36758046,15.91901533,16.36331146,24.03773563,24.3125827,16.33657042,23.18066242,23.65820905,32.20694035,8.383531281,42.91355874,35.9456088,10.40720403,7.889462766,37.15789051,40.95664622,10.66468485,110.1169415,142.3635386,164.1685836,44.74939279,53.8732121,63.68420881,127.7676782,132.6137521,141.3002593,150.6502998,160.9797058,171.6623622,156.9599798,157.894957,158.9452879,108.9612262,110.5254557,111.2329508,29.05615732,27.11402963,-18.25276897,-17.48935464,-6.097302095,-24.06366019,-51.92414407,-28.27121657,-13.77092338,-2.979489943,-1.701585549,3.864757026,0.4130432977,0.5955199803,0.01670729252,0.05534115033,0.4493444366,0.01314222879,23
14.39119455,23.45096254,23.14896154,16.72621962,14.29337947,26.72900173,24.37079179,16.52651539,23.18517998,23.61960079,32.16102199,8.439931793,43.71041781,35.85226797,11.98394402,8.298771084,38.12182432,40.37474257,11.14351671,120.2092683,137.1752982,151.763817,49.82293414,61.55912222,77.64776127,134.3741006,142.9233694,145.89718,125.2278662,155.3105409,172.9567002,154.7404605,155.6416811,156.941244,109.6926815,110.5478798,111.4780716,35.81848859,32.03599227,-17.8277639,-17.83508687,-0.2487798412,-20.66794727,-54.80352426,-31.1193566,-9.454013928,-0.03097344594,-2.426577763,3.307284505,0.3319146162,0.4844749171,0.03733540799,0.07239049009,0.1466849201,0.011624247,23
13.62772852,21.65860779,22.64047107,16.94725721,14.72287723,27.30505199,23.1202767,15.98284226,23.21481584,23.63707406,32.18195832,8.366840532,41.91488548,37.40634366,10.93403985,8.081810918,37.24112785,41.08174265,10.24682138,103.9421833,156.8086421,175.9799527,46.19387989,59.08892961,75.89708444,142.6602758,147.2760355,151.4760315,134.4822261,140.415651,150.260635,154.6010501,155.2743114,156.2001902,112.6317733,113.1682437,114.0036412,34.62061609,31.83964545,-18.12546167,-17.71902564,1.893449332,-18.88976822,-54.3684287,-31.87877313,-7.967212688,-0.5108948214,-1.579571919,3.75603739,0.4413744742,0.5022113782,0.0318997136,0.06393327188,0.4284786207,0.02098145783,23
9.240738511,24.76778915,19.68739472,15.52605569,9.373631052,22.29454119,19.99576409,15.25341477,20.83145459,23.70728564,32.29542427,7.622321467,29.10786262,32.65655756,9.873183261,7.40057544,29.12350647,30.49017586,9.029034879,80.98592421,126.7842797,158.6949037,125.1227069,141.6302492,145.7709951,102.0784967,105.2285645,109.2661564,97.44855425,129.4974077,155.0530313,117.7180712,128.4033648,134.89827,107.1174726,111.1874343,118.2796182,5.996265131,15.16743832,3.097905762,-11.0717696,-35.49878605,-25.67207835,-33.47232548,-25.96949305,-27.10059615,-12.83577835,-25.1203178,-13.28295455,0.1589235271,0.0781557898,0.1242364114,0.2327179876,-0.1025355634,-0.01873008441,8
8.884216017,26.00992659,21.11129335,14.50010305,10.56251753,22.76720462,20.90773809,15.40191099,21.07545271,23.89778153,32.60109405,7.904528092,28.37909245,32.39942871,9.50975794,7.118540281,28.00323038,30.22941152,8.997698882,48.03891388,98.30381518,159.0157021,122.5437907,142.1331031,151.7252353,97.88420444,100.30273,105.0677882,160.7992297,166.7980309,177.3176793,142.6414313,145.4631694,147.5521834,104.8625483,108.3368052,111.6091301,-0.3822421326,12.24011456,2.949883657,-10.3640963,-35.02758236,-24.99671219,-35.4858548,-24.08679327,-29.12630782,-15.67089417,-28.33548882,-16.96096953,0.570381496,0.0720138757,0.06792283364,0.05335211131,0.1890407551,-0.008402331043,8
10.0683928,23.96128321,21.66421626,14.72628904,9.218744588,23.70427029,18.72703144,15.17034941,21.09974958,23.86673883,32.57270434,7.585512482,26.98169961,34.55639329,9.299656861,7.079780964,27.41146277,32.34507407,10.00069044,49.42982035,118.1072669,159.0776808,130.0773897,136.3687802,143.1242826,100.0597994,103.7095218,108.0422211,127.6955175,148.2207111,178.3690904,135.753145,142.3918156,150.1778985,105.3893301,107.0879809,108.7317032,1.049119234,14.07068656,1.528021167,-9.836074535,-34.36801005,-24.3798377,-35.16310223,-25.85098656,-26.96402353,-12.85680715,-26.54431483,-15.42466781,0.3212808697,0.07636415831,0.5937089548,0.7468937952,0.02525734441,0.2612545852,8
13.4526660905689,24.0890095285983,22.7390383773328,17.6376568886528,10.3979285071034,23.6376135170022,23.1567490059818,18.4790624310128,23.1024519688231,22.8591339140441,31.2270651164489,9.88016868146404,42.8197826992982,37.9577369965595,9.53147318182674,8.88370470446689,40.7783899801389,39.2879197273284,10.1272088583043,113.346502624035,119.944799681955,133.508934562128,73.1809769485866,75.0146334787526,79.7524981514583,129.084305853944,132.750592155062,135.097451816673,94.7370157063643,101.368677189345,125.270884141408,68.4244340437564,70.6352565561365,72.0399532490358,131.045896780423,133.349072633362,134.350290225887,11.4213027867926,31.1043388692729,-11.587724484593,-31.7375817930842,28.6695476756038,17.9015628544681,27.673899265657,17.7523075098015,-9.7611570932779,-13.4146250874163,-7.72063329995397,-13.3052550166486,0.060363518762518,0.143655633707016,0.01975202071503,0.146541690851526,-0.003781477440076,0.002817916278834,202
15.0584492600068,23.7763255487493,22.6821489382886,18.0279746673598,15.2360221106175,23.2209371089451,23.2338688812699,19.0194662216383,23.4023989486561,22.5564003116535,30.7287428600362,9.65366986516965,43.8342910760344,38.7540443862477,9.76758075489906,8.29861398996358,42.2487153601757,39.4210409982101,9.46791971338037,112.104854304879,118.883286248919,128.048444819183,74.9477682492735,77.9675564260708,82.7799154235662,132.538367724399,135.026663420567,137.326195023533,109.208108786206,121.408330183043,133.772719885361,70.213010895048,71.9354485558616,73.937196198438,130.188996513216,133.863907797936,136.467097808801,11.6243878264486,31.4851831322835,-10.5710085527397,-32.2451498773363,29.7440735646236,18.9453885879046,28.152808215883,19.9090526427752,-10.3298643488943,-12.0100368688136,-7.32138745578719,-8.72341526879205,0.040213249218978,0.07202520454752,0.021039538423868,0.100401370862746,0.009104126127867,0.018125265366642,202
14.0607743309129,23.9900638331316,22.676317831424,16.2208953995845,13.3987281494921,23.5756575044403,23.125535635431,18.8353575989238,23.0883052460064,22.5083899188426,30.7503924319203,9.09885393399223,43.7996308375451,39.1751669097962,9.18873917898622,8.2051929861588,43.0394676767554,38.2855394831036,9.70850556413498,113.461818141149,128.719433117178,139.46400391716,77.4258843491271,78.5887653361419,79.7044978293986,128.958807554334,130.91535631621,132.955000777186,96.8974549101829,115.409211069209,133.896092586552,73.8350123943776,76.0980116330825,77.5108450577993,125.711475601907,127.902070827335,130.907306588705,10.2813936951684,29.3984258501995,-10.712981950946,-31.1429721553151,29.046116551248,17.1569330299773,28.5235805118956,18.1900452913308,-11.0916259812146,-13.7435110603891,-9.21447800426948,-12.4478063932279,0.031274600269861,0.091133393841182,0.025407699023764,0.096834184012959,0.004745081575354,0.013840381981118,202
16.4241202343618,20.0153398189463,24.6389168933948,20.4024095591635,16.9404796321476,19.2829957577734,22.2093819826653,20.7369912157285,23.7052267329648,25.7156873502092,35.2416902113763,10.4572744915745,39.6092855856112,39.4505084689831,12.4704652591656,9.91799063832721,38.3293967218805,37.9719863640918,11.3379803669191,108.736102444199,122.216027322202,129.528664434348,46.0790534739647,48.0483971868566,52.3477981514021,145.806149244617,147.503124458918,155.307885579606,114.735701960217,118.873239705704,124.12552834446,46.2341843735652,51.766197678778,53.6348302037068,157.702301143583,161.192134656995,163.522866808982,32.9875311557797,35.7931807421256,-33.3204544972682,-36.0562344392141,8.07220780331155,-14.5844269489896,5.31569391057111,-15.8654268237128,-5.95747940782188,3.28460534413656,-8.56645418250042,-2.47752459152885,0.08809447626328,0.065532495367929,0.022734449701709,0.036126946738813,0.033909935544022,-0.000639862616462,229
20.0855026525107,19.9312545525085,21.897729024838,19.9450037815239,15.2558969086495,17.269491012675,19.5429805763246,21.5305516944528,23.597594039454,25.6616533514268,35.1558429523677,10.6981479542346,40.5393784686739,38.1597706229303,11.7665688685556,10.012262338467,39.3825092895598,38.8277386959602,10.9733832658167,135.555175131162,138.713494170669,143.088376310883,45.4974074483153,46.6425242960685,48.0466592092946,149.353314301509,150.387415278602,151.514138197496,110.988247163666,116.429875200623,117.835191183646,64.0944955307783,65.2084842359672,65.9944374638678,171.963065178697,173.317054253428,174.525200647346,32.1292261282603,35.8986293924028,-33.0718168313952,-37.6015727070795,6.12409659053968,-13.7410308139912,8.95241861758025,-9.15593526501586,-5.47891665196073,2.92275539342908,-7.35218870467034,-1.57056442205457,0.049720678827989,0.033374570685972,0.014078698630603,0.032237941031623,0.042916807687528,0.015381346424615,229
17.9587471719603,18.6604099796981,21.3907803351003,20.3488103142251,17.9822144549574,18.1168027602632,21.4229365891389,21.6573158552983,23.4869144717746,25.6647719913859,35.1583865483853,10.7996891045205,40.9302300542565,38.1218974087382,11.9379834087475,10.2512044933111,39.4330551003287,38.733997711301,11.4047566195245,125.626377661482,136.086005975705,144.992319173412,43.6301192336951,50.9492252296238,55.8085040345184,151.040469780202,157.150918399678,162.393364020711,125.646449450346,132.271644622447,136.600969667104,50.1293548385277,51.9345073255792,56.9676659953347,161.884541035584,165.05106117657,170.430653093124,31.5294420017916,36.8561480413465,-32.6633185148239,-36.9762737961376,9.99858423190958,-9.73347412312732,6.91456636961769,-13.638632481589,-3.93458850243512,2.34896996442009,-5.35928712171667,-1.13935049842386,0.133908716401831,0.049975808154505,0.057700011369755,0.344464333361091,0.082345705900278,0.013945577304968,229
16.6505194908005,22.4059680123263,22.4726749983538,17.6491421366041,15.1037364663056,23.0635306968875,19.8464968379466,18.1855967519791,22.7278196292949,23.0983608653153,31.5388171934925,8.15029729623353,38.0025154341369,36.5613885449883,11.8461143826721,7.41264104422872,35.3907472118706,37.5232563744392,12.5728587379853,140.836214186027,159.38970734398,175.883960225061,163.343224430506,163.85925642394,164.623563698188,110.255595070352,111.240118315725,112.483242298213,116.743302485284,135.333145065868,153.624964390745,77.7214941708671,83.7631950601315,92.5556292880049,139.301092566547,142.501906604897,146.705843132356,21.6907210435186,19.7543320059776,-30.1713161809104,-31.3317984342575,-48.4499446621963,-26.5767015091011,2.54328412669046,-14.701133455549,-2.9305785042899,1.8453175680978,-27.2741089548383,-18.1495588166373,0.009963491584916,0.062795381068751,0.307505549866054,0.347659396306323,0.013590380768846,-0.005994834595382,128
16.501607559335,26.3990829298003,25.8543026994936,17.6516325000836,16.556360575422,23.5060350827326,25.9606144056844,18.2997419080343,22.6338048009627,23.05167954358,31.4593568832374,9.23537167725662,37.3204521603865,37.9635382102594,11.1270996082686,8.09278546800057,34.4635818259068,39.1065693905662,11.2190038449941,107.861530690359,138.318886759873,147.46760252524,153.802397191432,155.870557534547,157.987674398458,110.96461573954,111.705787198652,112.783152245064,121.63956210875,143.102166410591,155.065576378923,62.8434529944088,69.6046563684677,77.0088255796414,141.806649521987,143.58139830809,145.255571604548,23.8674786445257,21.2274279143359,-28.0114543599051,-31.860370974283,-54.5304193891384,-29.6864036369968,3.57683103632283,-18.7251493536137,-2.04478115648837,4.59537280572427,-27.0277380943298,-14.5999515378797,0.038197611214006,0.064658339418977,0.198893189320736,0.297730981557972,0.013272309450251,0.099548739519619,128
16.0713937710461,26.5152803065358,26.0521620036854,17.7322842627494,16.3662126993901,23.0438011464176,25.0659648996377,18.3160012770413,22.3124130482608,22.859205468334,31.1758617722685,7.82931196834943,37.942025776073,36.977101831667,11.9157472551297,6.91553998085917,35.2210865783333,38.3955655977934,11.6631984274667,158.815778751494,167.755623581819,174.359721993241,153.659514501886,158.09990093086,159.872255902685,109.627291453656,111.546814910626,112.793321200824,125.839624359659,141.096668399035,156.581113673604,58.8195259472856,65.8055427068222,73.300065476803,137.453667587909,139.400129998287,141.906085220757,22.9358971538678,20.7052225797949,-27.3601916474356,-31.0323436495284,-55.3749956400462,-30.2737205381125,2.07672211485849,-19.2888955834886,-2.42561286603901,4.16509030570447,-25.4051584593007,-13.0745122130488,0.050555562521436,0.080375914244615,0.12995400964365,0.271614833647396,-0.043064191105784,0.096194389214949,128
15.8864620040205,26.6105339892643,24.0486260941196,17.7338119664898,14.3643481795977,24.0270642066588,22.4130840130918,18.9159262861435,22.7249626143328,22.2103526844267,30.2205944553934,8.51650636445821,39.9406556002937,33.9963554604707,9.95998098170046,8.36595915241993,39.5577063622349,35.0222889022571,9.3970690015319,150.804803188005,163.104849254532,173.04972863438,166.283172277869,167.757646485228,169.814079749449,108.470146657944,109.46534541771,110.145911028428,147.873862324217,161.759586685409,178.833107114783,166.237615910982,167.524065823168,168.530820036904,170.444084127902,172.875273149876,177.55071015423,20.292537680694,18.93797653062,-63.6201776776995,-42.5800872700555,-54.1953882362161,-30.2668854062046,-1.68468232665743,0.963810426848275,5.94369615827288,7.89251123155866,-11.4762599127633,-4.3380788394383,0.034329707784105,0.057563997794335,0.04071491874246,0.162637744990853,0.001459630071343,0.008784934779802,225
15.1708212703287,26.0641148798978,24.7460875269856,17.9657025967617,14.9878218015554,23.0312005063868,21.2629952444365,18.6087423923554,22.5534254872396,22.4044061440873,30.5349480155639,8.66194189003822,41.3747338305326,33.6827857863986,10.4477786921619,8.83346393478388,39.9597746707609,35.7639868069575,9.94743260856561,131.464511637855,141.507983937192,149.643688218758,166.551587305707,167.055346043558,167.563412693685,108.166645866842,108.54535390323,108.851002728888,142.686936069275,162.77529382574,173.135186750374,165.703346323454,167.085936121691,168.52794104226,168.471997555982,169.815955235476,171.266951641877,20.9101807811986,19.2736849836681,-60.509463151296,-40.967303428097,-53.8181019865948,-29.294065742389,-10.3963068429975,-4.51330076093259,5.51234984743422,8.38411372640858,-10.5649346890657,-4.61381829303244,0.007476959353179,0.032368560311812,0.043271790848104,0.092620256775536,0.006562204518489,-0.055046784805793,225
16.5461820074256,25.737990449415,24.7980754158072,17.9994145873597,13.4068609662954,24.2882495631297,21.5657435346802,18.3084978395029,22.4346899729524,22.4534178155522,30.5670264259434,8.60214511528438,39.9338982738616,34.3888445621405,10.8336906277008,8.76586081091667,40.6434919979881,35.0109896294258,10.6507906318592,162.566931511413,167.32128794948,173.003478085317,169.464640804408,169.94124019403,170.424644649789,106.006334688651,107.126553279994,108.276689268829,61.9840694107059,157.030161387761,172.928473495556,167.627721338703,168.247963273141,168.915873172272,171.496413418621,173.707508744827,175.194878179365,19.4944382145785,18.3218247216681,-63.101166875466,-42.3624090958333,-54.3054530586021,-29.6782449319743,-2.86574588305708,0.934582646342291,3.87010228806648,6.52625871741253,-8.16044496453327,-3.65306121715601,0.013867031856218,0.036871126578504,0.024273243241972,0.084517772731749,0.008062366665931,0.007116150059382,225
12.335632038974,22.1906953179978,17.7012106562663,19.7040131879251,13.3806517366971,23.2609414870241,22.0255384431026,15.7734396718926,20.0893511996347,22.0584386314807,29.9961048313089,7.79597638200101,36.0498622784807,36.7886677830028,9.61372363721546,8.17925124651154,36.8837294626359,35.7361457702149,9.9453724714063,150.829332889784,161.392488868125,175.435850135533,170.210503101074,172.173723467075,174.640532908551,165.178121021343,167.653671139195,169.373198393889,144.591425686519,159.537493324792,172.016727648447,170.795750087536,171.552226742209,172.050883850128,111.655615096969,113.284872533841,114.682465551189,56.6649872734913,39.51927692066,-18.3281571040919,-17.2437604562736,-6.55887329284056,-5.31314396195941,-49.9428353743789,-27.9702826345592,16.1363542815785,11.9445415190708,-0.667590270807714,0.365915710543409,0.115331413767425,0.119408121850757,0.027093506484135,0.063832774357082,0.053982098419781,0.024033942394066,143
9.54843038043948,21.6685474945603,21.2405755797921,19.9606368151217,10.2142263703831,26.6963117182867,21.6901769486605,15.3706644135054,20.0245177987194,22.5205700851716,30.6321248176668,7.86291614821782,36.4095069642906,34.1087478333175,9.94686673236549,8.37134430955613,34.9214210807089,36.1007393190151,8.92907115134316,36.0098589334492,144.534112383438,174.832103973263,165.263664127388,167.088876651536,169.783363090133,166.246318861155,167.407749123122,169.224462954932,123.067954736086,137.784438962295,157.961846489358,167.577143651208,169.026030647827,169.845452459716,112.671026891244,113.306605881201,114.003932563042,59.5362010580229,38.9760240643139,-17.1510738421635,-16.2856905934322,-5.8555423136217,-5.70197213126952,-53.1163964644972,-31.7376388652048,17.9803845394089,12.6656730490995,-4.59191081035568,-1.03842292923525,0.090399056995328,0.420865340150052,0.014388886291435,0.048614465556875,0.043618795731882,0.006751010839661,143
13.6885484943632,20.6023076164521,20.0088251947493,19.5344106681343,13.3487377380125,26.6925495285724,20.1948699887278,16.0767574266431,20.0197275170949,22.6452549527918,30.8199447079018,8.31639667595899,35.8437728538628,32.1677134877787,11.0465005793604,8.67004032288776,35.4705640211139,37.1933161925698,8.81770313823534,64.1710641952521,164.817700130541,178.83479348242,166.022954952458,168.076617155528,169.765774100385,162.339260340816,163.062567220442,163.792803757782,123.557685788003,135.555366269545,145.080094932009,168.722959303658,169.071836125734,169.668261056861,113.640322639174,114.618264846101,115.696205528963,57.6382209029463,37.7709977604725,-18.8056797892959,-17.9633388548721,-8.1904286035785,-7.13537495445322,-51.5746597522571,-31.6457978601569,12.0100371631575,9.91361200073619,-5.20423135639709,-2.05509044505932,0.046743287019628,0.137759919712021,0.01839618884375,0.049065172582599,-0.011641403405206,0.008872492586574,143
12.1484606256857,17.8054463662694,20.6966025365662,16.6560592139913,10.973869796933,21.2993333369513,17.7893251600653,13.1550489150202,18.410205246819,21.2293021238042,28.8085063854996,5.14508938447982,33.532991884098,31.5732359101235,10.3352293027265,8.31067015316113,29.8588020099359,36.9777078835159,7.29541607529045,127.227048818678,143.785807393677,156.492472176075,45.3179685857036,52.5106040637516,59.2085489563629,140.138829354678,149.226123953633,152.157618591575,127.352670703825,145.99052370166,175.999804273738,131.816235933197,134.180686493702,138.564589271352,143.604006106888,147.051860519855,152.088579804121,23.9607077505853,24.50874240862,-21.0937865078449,-20.0213928189543,6.77871393660704,-11.8590175174177,-38.031675801095,-20.3087489845024,10.1322445604536,18.9093735482958,-15.8727182282342,-16.7827778392368,0.036947117077916,0.053792387996513,0.035396033713176,0.071262107084179,0.007984575228267,0.0190371793679,13
13.2374059424247,17.0150031530789,17.955742048365,15.5422115868165,11.8069544007493,21.2919743186698,17.2488511330531,13.8553240112682,18.5948304439665,20.9285597459165,28.3712336045103,4.7376507855838,34.1035929135394,31.7655034956714,9.58522578408074,7.7452262912825,31.4591739688705,35.2119318942348,8.04485557439953,129.080451281604,142.005021660574,158.798143085577,54.8906103606147,60.6833157081241,65.5389341525256,141.543185088398,143.863051140407,145.356417120012,125.194131092318,148.57423575315,161.485289668551,124.034697871088,128.854823814732,131.712003138505,146.689833704686,149.523120815529,150.313986412273,26.6150448523777,23.6862314419008,-23.5442505755895,-23.1823968215727,3.59963610978194,-13.3257554870256,-35.481642407011,-18.2867806142485,9.66731830382011,14.8066638221203,-17.8543839656131,-16.7557330198691,0.104827539407654,0.061131297651604,0.153651610016456,0.071668757510349,-0.010674952263238,0.180194567830694,13
14.3467576099641,15.9240898915982,16.8208159042448,15.6264992697876,11.884892308588,20.9160372997488,17.9335955809287,13.5738932448476,18.815032719404,20.9263977426357,28.4013888964082,5.29543147419142,32.3296873575274,32.6520678205541,10.4250630544116,8.08198628760515,29.7363979353563,36.5669253509301,8.23229149940726,123.191756847521,152.732332906577,163.252052919106,41.0039662297361,61.3401145196627,82.2138784739871,132.663658736236,143.237028925213,152.676664669643,116.474367223496,139.260445983557,158.994482155985,123.160687587652,125.512961332236,131.536340169372,139.725336486571,145.318922023082,147.499745708396,26.1154357757833,21.7844379444917,-25.3272923330466,-24.3631148503886,0.974240940478113,-14.4308660696778,-33.7639776679377,-15.8972215217849,9.97007754113939,14.0939957565731,-15.7956699530284,-15.5116263363096,0.099727328155917,0.098818631241903,0.19109876355822,0.119966306490017,0.019935945741357,0.094791552384572,13
19.1744611974823,24.705821169616,26.8445528549798,18.3810668759884,18.3387121689824,27.6790371379017,24.159570509299,19.1604839067901,22.2967965437135,23.7389105789153,32.4667732565532,9.01713164198089,42.2531055738131,38.3288015412449,11.622090238327,8.59928844546305,41.9862813524288,37.9384105834903,11.4688132174431,152.776251196074,156.378805565818,161.267827373586,164.916969522049,165.933064412388,166.775977349353,153.369270633294,155.161473334202,160.873994465404,150.772553418169,155.889747109195,160.713471704663,168.422498322925,169.423222880461,171.044353095058,144.658700012037,145.123042843799,146.157621254074,62.9300954315481,40.6464471564263,-51.9974871526791,-35.637036833582,24.2887605217439,10.4730521199069,-43.9539815346368,-26.2171262238599,-2.6550093783608,3.00243263003192,7.8400895565371,6.76227973986276,0.049052925959435,0.075041052681543,0.151043875989948,0.091777437952624,0.031474760210086,0.005570718847003,91
20.4728320845964,23.6176418432723,23.511207400994,19.3771064529385,19.4370908220788,28.6637845938983,25.9735089615958,17.3722228180897,22.8527641959812,23.1752347350809,31.6188252562706,8.61810705436729,43.5467393048199,37.461283008048,10.256780284065,8.93603436904858,42.4602673764936,38.5973738967829,9.74979210080799,158.343052665263,162.394285858841,165.282700694969,164.292353900412,166.207620518147,167.148498216635,154.31789340788,155.976161758346,157.056057656587,149.666851362445,153.988662201053,157.978241590712,167.431103338636,168.998697390302,170.65175362648,130.729508625822,134.754916649045,137.333677453093,56.5341703892674,38.2455527230545,-46.7166721084972,-32.6626162470123,29.767100126655,15.1067764302831,-48.8939063600552,-27.1443161883472,7.06680586308609,8.80934250207595,6.03242744634181,4.44883005118664,0.045109862589323,0.093944143794009,0.048245048084249,0.088162564088294,0.033990852398547,0.0173043675699,91
20.0177940568892,23.7735266028712,23.7296284515913,19.1097748732889,20.0868344630807,28.3659480638398,24.387862465089,17.7447873137915,22.8590690900023,23.1482963016031,31.5723876361894,8.84411538436726,43.2167537286068,38.0528995440788,11.5095376011432,8.79455128729894,42.6117352211937,38.4655913130836,11.3225912330462,151.875037932937,160.402884488344,165.450915994134,161.687134424237,166.670704552876,172.258538393811,151.478529943349,154.127065355722,156.656452518926,150.773931319441,155.794569038809,161.843759552138,165.862062643948,168.139542524421,170.36135137106,135.631294521482,136.40201565417,137.457125820914,55.9249474724502,38.3884318264914,-45.2018592092726,-31.8635528470263,31.2565718536024,16.3108042360824,-48.1231877741254,-27.8318766458535,-2.98658771279417,2.54129804210898,9.81935130225287,7.62463734473711,0.030745587976488,0.072273508472759,0.037461242463628,0.086153965438167,0.013107687915813,0.01780270955016,91
13.8162556690418,29.3300340376697,24.2677924745669,19.152228652115,12.2437446215468,25.532709119953,23.7906077020216,20.3145945252333,20.0028042939451,23.6325810880015,32.2089725400525,8.8203852897601,45.4438282721741,28.8664358962635,11.0192465218864,8.03367342337549,42.445899959654,28.8597530179399,13.411430071253,122.327875651147,166.8391197581,176.447635531863,175.601328893273,176.477685384834,177.63762077613,131.760778852526,132.308409637961,132.77796792502,129.597371135296,136.862788477791,146.460026758688,170.489628626732,172.85497463244,174.972035793073,157.875661278511,158.498077637141,159.134852118809,39.5592636032694,29.2048257144018,-65.3818697764956,-44.2163882584407,-55.1129760584612,-33.3544223644268,19.4070273089683,8.5775767592178,7.00881864832736,4.19708147816274,0.571287089380725,0.644259343202087,0.027321736305787,0.071394211528356,0.051648530353149,0.182720196785627,0.017245644954155,0.004245145267828,89
14.0255954145415,28.2139937170449,23.7082313182962,19.7471238255948,13.021151747011,25.1232617217189,23.4571561107677,20.3990437287266,20.5148435732912,24.398320582397,33.463955367132,10.0833149186622,43.4588334383297,24.837210310574,10.4999311454032,9.33436788686294,43.8917392343236,25.2298162999258,11.7806602148371,140.958839863267,167.061309211243,176.962954890506,172.913826405327,173.617043824017,174.128925312957,128.09857190683,128.779727480161,130.003225552635,105.195668183177,140.218025428243,151.424200295444,161.165098095507,165.525560720342,168.541709010734,150.400978560587,152.586939465399,153.725078301845,37.1869538987384,27.9253297693589,-61.1715214392718,-43.0435419082642,-54.866035668289,-33.0617230955292,23.6813573276295,9.47192230645348,4.17965692632339,3.29573070301729,-8.18572324865005,-3.76489975873162,0.027028038807802,0.070961516147263,0.062241085046593,0.078357264613027,0.033402546342261,0.049816238873,89
14.7233856007645,28.4276860536157,23.0272542574424,19.7899342834682,14.5993431679135,24.2361566057071,22.7142781303988,20.0626981271194,19.9008933734848,23.3527673878454,31.8747840660728,9.86317072837515,43.4307901936246,28.9556259098249,11.869955494099,8.98488218963991,42.2189592992245,32.1399428569896,16.4301954125473,155.357336766142,168.24807603031,175.807428789297,173.790200781648,175.066394540714,176.15273919133,129.824290491684,131.084051030141,132.048849131136,137.234437818638,148.088435255194,156.447447433453,171.315314692177,174.503430661672,175.99801011827,149.344507366472,149.683646177603,150.146063622935,38.9349499567487,28.9486698378092,-60.2356433868408,-41.2629027476256,-53.6215764780839,-32.9742587674623,21.8918387574711,10.1280012692528,5.58107968034415,3.6423414603047,-8.96355722142362,-4.85231081644694,0.02952641023466,0.067340062147095,0.053192792519452,0.200672736213042,0.015044071404505,0.026820694533923,89
19.5074516268011,25.2636855416368,27.3558804376045,15.1616773571914,17.2022811897813,23.861336016018,26.494393168548,16.5500324159271,20.7649204037795,21.1799427149878,28.9051781693192,9.04558445149172,46.6513261603015,36.2603492605667,12.9902939577834,7.76715094518675,43.6724533932486,39.0305581369714,10.4943610133046,146.482394422464,153.183709264859,154.883010359789,140.854278034851,141.803551272592,143.546709740114,116.807170012015,120.965165408011,125.191575109666,148.168716034245,155.302844259385,164.334897043144,143.460905487474,144.088960873339,144.952424597129,123.797162298813,124.617504560815,126.091946528189,19.9086760481199,25.9007081389427,-26.26904632364,-28.6751012716975,41.8783340070929,19.6828014439061,38.9186635258652,17.6404023809092,-29.0576855341593,-14.2390710966928,-28.1558011259351,-12.5601243405115,0.031805416527946,0.052095304226695,0.018086687754491,0.055796046242889,0.012939613317188,0.00017227503829,155
17.5196858261256,26.2119448408073,27.2548739818541,15.9077246732932,18.8913046329988,22.9665464058981,26.8665528427569,17.273550505056,21.4037124355054,20.8553685853391,28.4838538615427,8.86887197560009,42.6896197526855,39.4008498082602,12.2499521313381,7.81115778035482,37.434913436744,42.2501647255359,12.4798448376232,164.066483089982,166.841172393694,168.917528149103,155.467998944942,156.751715238433,157.902041397977,123.029520306485,124.199847201374,125.990967802385,154.218067559654,162.190276874118,170.617553485419,144.560212392778,145.543834710873,147.383430562935,130.850459454896,133.013666710452,135.195367650538,31.2580748866586,28.5220490133061,-32.2630352833692,-30.9765092765584,43.4470185462166,20.5635194568073,35.7112118426491,14.6448534727097,-27.6410627365112,-13.1054746403414,-30.4821651122149,-13.8774352915147,0.02666041493189,0.05015809452573,0.079390899421454,0.069557491743593,0.004182220727271,-0.033238866392794,155
19.5278983958461,24.2468653665826,26.9501497612232,16.2946212582518,16.4674150354416,24.7529573405706,27.0132981634604,17.0784646572569,21.6536377989843,20.8876144240441,28.5439859667102,8.87037286967533,45.8704734549296,35.6555001548084,13.4368530072354,7.98129061773482,42.5833245222683,36.6161102895696,12.1724282863757,148.730192592599,150.658250416274,152.037501022697,137.533993985333,138.583304795306,139.682731068532,129.002286496732,130.069302266668,131.072433794622,146.052176265708,153.136000628614,156.489473621048,138.769038964982,139.674021323858,140.499969184445,127.691581520502,128.64522218002,129.631794687472,27.6402063490379,30.3381675588233,-27.1988846716427,-30.396523574988,39.8925654944919,17.7200717585427,35.4765589038531,14.7602531881559,-26.3643446422759,-11.2917749654679,-34.0793760049911,-17.0408640589033,0.048106000836682,0.043174850779976,0.012027920728974,0.03858618232898,0.031683547024313,0.005081297610483,155
10.6068150647301,29.8827135992281,32.4578910130121,20.645554482674,16.1094742624856,26.2754532036477,25.7014193497552,14.8645518077346,18.1976203898152,26.290103285258,35.6145496522326,9.50167849021424,38.5566905785536,38.5843653140749,9.6812762119083,8.60912004493762,36.757860846028,40.2244017142891,10.2709781889966,108.238501688979,124.214460942199,175.155296881628,64.1867008867807,66.9290063153016,73.9433181526063,103.079590594842,109.117121617754,116.562199288198,133.730409527067,157.488582804823,167.706616560772,165.494966728389,166.701314169025,167.480355802535,144.90053264006,147.748239211936,151.535370979944,8.65924085785703,38.3130405734225,-64.1089677083783,-38.7802215611062,-7.19582514791954,-7.45699958103459,10.2631877835204,6.61029226896239,-27.1636308693304,-14.0121666396536,2.58189090868322,4.90521570531333,0.294278558274863,0.2555041016844,0.192094234297334,0.364281416295133,-0.019830635211821,0.254598473258574,67
8.08391198223273,28.7511537808804,29.2600895399492,18.2083135106006,20.5113852045497,27.6328082214379,24.2864430226802,18.1346893377298,17.0262088231222,25.0663124871565,33.8037764014875,8.82669233377551,41.8754953786688,38.0639867569847,11.3403097336321,8.09989190942195,39.3992822761713,40.5743689729523,11.3611385103646,48.1906881582127,86.1159584131323,156.654663826519,60.0438216020559,74.1072416878833,93.0392162789379,78.948852785905,91.2587469219613,102.224763340898,155.234699930318,160.43748226325,164.189577568534,163.678146564731,165.831433917015,168.237511245271,145.274415609748,148.505119398327,153.219883943035,4.12552207708359,30.9188890936119,-66.9178808019275,-42.9464667325928,-4.17722346527236,-5.64777343755677,11.3676005530925,8.12765037020047,-25.1265496015549,-13.5335434050787,3.84075755164737,5.93426851999192,0.620714875082581,0.565119281257444,0.086644226430884,0.194757242666078,0.062480376028416,0.077410214352361,67
9.04481161553112,28.6233929391876,31.7788302884707,11.9866562620892,22.9074854816051,25.7491557539969,22.6442034968722,23.1874900159016,21.0804268219597,22.1333296776842,29.8007331209688,9.45738595191688,41.33055771677,38.1161535949806,9.43529317906958,8.08268307453796,37.5283506491975,41.7391348906386,9.59055175138949,78.3143092235583,83.368279935415,89.4022929772842,70.9215780854995,72.498383603128,73.5441089777807,92.3558398437768,93.3945429494453,94.5738886609679,156.172866711268,161.49520751609,165.110004003353,161.694514891383,162.463732465409,163.503706806386,167.256714439923,170.930114737183,172.440402765511,-1.46297034693927,27.8852779509091,-67.3237069350917,-44.8649902169297,4.32835119526561,0.66612282904183,19.615939732005,16.8032978002618,-26.6179125483443,-15.0147975944891,9.74004704777787,9.1732597932583,0.041922230871015,0.059087560139236,0.014806034152125,0.12655233245927,-0.001987582282541,0.003042774339543,67
16.6094272856762,22.4750512364476,22.6023520046636,16.7563754967135,12.0225334914406,19.0601401923066,16.3802079947213,16.7560306330165,22.8294399099498,22.5005710567362,30.672321773849,8.51560962001789,40.7894021269116,34.1395562401015,9.77625899476556,7.89979750540819,38.9978825860839,34.8735999260933,10.5487507051066,164.811957324464,167.13755522845,171.381067761989,155.332414584629,156.880014140381,157.439943882446,120.10341256397,121.17720070408,121.858640239239,107.280876803423,118.016605977768,123.580536042356,97.9404176181082,99.7702895286021,101.495279800275,122.591156736734,124.798662132623,126.36873440059,22.043256605246,21.8411311507225,-13.8467151357467,-24.6681118226913,-48.3685622193727,-26.3371230069413,27.0610575216362,14.8327013814306,-2.77904631143593,2.26403144468744,-12.1304106999593,-13.414607565087,0.006285673391033,0.032284802767267,0.021907429496718,0.100796893199338,0.004361309968548,0.004438995463566,258
16.7638319638751,25.411297539989,20.7968004513193,16.896221970846,12.7819185458695,19.6682555922403,19.1956682787461,17.7502898657416,22.7199771876761,22.6728055164034,30.9111594080335,8.68156921870301,41.3658823510962,33.7396555301459,10.1834365594959,7.79271682286961,38.3524283415229,36.1650450512904,10.0111319572596,160.535797127601,164.011615417815,167.262391493713,157.448744675601,158.537082113296,160.649840194312,118.779253224754,120.341128890831,121.342488381856,99.1591363763194,113.70415350872,122.922137686778,93.3287783954568,93.8708910726466,94.8092426764778,127.344322174672,127.932197894012,128.31082740586,21.4280209447964,21.9446394816939,-13.1399271717991,-27.4216595184372,-49.7897505221597,-29.715379318559,28.7363457392497,15.934871119189,-4.89673097449613,0.505797259778862,-10.4144245745188,-11.1815771424627,0.077684896356208,0.062180595237392,0.012966000707125,0.064368460195365,-0.004796785171094,0.012267358401728,258
14.943275729836,24.9514492604741,23.1585173444763,17.2080072665391,12.6186462943432,22.3879093895949,21.9703549153752,18.0094113471626,23.134187050168,22.412322180234,30.5524612610635,8.85537814094934,41.8527868179337,33.5895379394318,9.75203289521673,7.89929844784512,39.0268327044259,35.4997379619854,10.6023206873719,160.624960066978,163.447260602307,165.937902533203,158.453345984386,158.816670993193,159.335770503838,119.256638888,119.980117440441,120.712608955687,92.1586443991614,109.271478001492,121.112534350762,81.2708562917646,82.3117723115086,83.1137997326767,129.359285999905,129.996658231668,130.91379503726,21.6276210474681,22.3460554358471,-10.6317612421082,-29.4554351683123,-51.5505146100579,-29.1278411286423,29.7940387424216,18.6287496104298,-5.77034806630698,-0.024327599858663,-9.44202204784715,-11.3617908523743,0.005795656539841,0.038057406329118,0.01397339748254,0.120375581911856,0.002471936992074,0.004424034554689,258
16.6488456294921,23.9918224776187,22.7295540019807,17.5686547281793,13.4629396526835,28.4630381893074,23.0894979961138,18.8710779514742,22.5500645214249,22.9255917606961,31.1386956090138,9.77745458826164,41.8426920481332,33.4827952023586,10.4681250845228,9.0394523659756,38.5882239182018,35.992018182178,9.75420051787382,124.138557239037,125.84499526125,127.363402474723,70.4230434346318,70.8439492057854,72.3046096352833,135.827820757586,139.078659164594,140.890025160398,146.622788529404,165.054515326423,176.007232496993,149.457636724066,150.524283609952,151.321696276887,109.888002756209,111.640693791131,112.649168711035,16.4216030661653,34.9324499688497,-24.7904075355065,-25.4574966866796,24.0560783845622,10.9822151864447,-51.849316914634,-28.9575167272876,-15.07392830965,-13.4024105420927,5.78399402339284,8.70446780832802,0.017391708349694,0.109283163318084,0.017832894638796,0.074450100479366,0.00467532602615,0.014569410535799,334
15.8634536005424,23.6874916934886,22.3564413395488,16.355547848429,13.5701678532308,28.5580768992667,22.8234881725188,18.7369626745222,22.16581751708,22.6558021608882,30.8061302308918,8.98274755671502,43.3309125054728,32.6642964881848,11.2667371315371,8.27083744069704,40.0602604667829,34.9493642099997,11.0552537162112,122.894031330584,125.254672013547,129.449935378544,71.7186350687868,74.000328546718,74.8673875063733,137.14597136904,138.353370376647,139.223868575459,122.353721111978,146.435484872236,166.623900737777,143.879817860349,148.418316116175,151.665560097637,113.14778270689,114.068371319338,115.074251761423,14.8899727114817,32.5513824093633,-25.7816566926677,-25.0486538177583,24.1203969571649,10.4482674017185,-52.1883626900068,-29.8814978177954,-16.2914287753221,-15.4472249310191,4.40266074203863,9.05285346798781,0.02687485534158,0.151413958468874,0.050322786818089,0.109856461144988,0.006737652810696,0.012498303115773,334
13.2590023164338,23.9681706930023,22.6764281063079,17.4115684264079,13.7098094628035,28.2055073616372,23.1508733575254,18.2741236214944,22.7536988153292,22.2884377480645,30.2793325430134,9.08042677468608,43.3834107675706,32.9569148022803,10.1623472255037,8.68637092668427,40.7861584918988,34.9478842593617,10.5417379293724,25.9467289509164,120.371453241703,137.569194641989,71.3891727432807,72.7065271966581,76.3440007099349,136.510148728642,137.307775735704,138.670283894423,137.734280415863,162.972628164755,176.783139701847,146.414911887844,149.352799018699,150.706718139847,108.409343059648,109.426733061591,111.03602912951,16.8776900666516,34.6176346445956,-25.1856738474311,-25.3308423408648,24.3587902042924,10.3011455477738,-50.6762514481457,-27.9616540615878,-14.9466642519323,-13.6479371931495,2.5088542845191,6.92046619043118,0.045833288339964,0.135135685960581,0.044123272029697,0.077602965223144,0.001134243496264,0.011011424658436,334
